supplier name,supplier identifier,web site,description,account number,rating,address type,address line1,address line2,city,zip code,province region,us state,country/region,company phone type 1,company phone number 1,company phone extension 1,company phone notes 1,first names,Last Name,title,email,contact phone type 1,contact phone number 1,contact phone extension 1,contact phone type 2,contact phone number 2,contact phone extension 2,contact phone type 3,contact phone number 3,contact phone extension 3,creation date,modification date,Country of Origin
(MDD) Jiangsu Yutai Elec, , , , ,unrated, , , , , , , , , , , , , , , , , , , , , , , , , ,2019-02-21 07:46:56, ,China
1000BULBS.COM,21191, , , ,approved, , , , , , , , , , , , , , , , , , , , , , , , , ,2019-09-19 15:07:30, , 
3CEMS, , , , ,approved, , , , , , , , , , , , , , , , , , , , , , , , , ,2015-02-11 08:21:23,2023-09-11 12:47:16,China
3L, , , , ,unrated, , , , , , , , , , , , , , , , , , , , , , , , , ,2015-02-11 08:06:05,2021-09-08 09:37:34, 
A.L.P. Lighting Components LLC,18154, , , ,approved, , , , , , , , , , , , , , , , , , , , , , , , , ,2018-05-10 10:53:25, , 
AAVID, , , , ,unrated, , , , , , , , , , , , , , , , , , , , , , , , , ,2015-02-11 08:07:44,2021-09-13 09:42:08, 
ABB, ,https://new.abb.com/, , ,unrated, , , , , , , , , , , , , , , , , , , , , , , , , ,2018-10-31 13:49:35, ,China
ABC ELECTRONICS GROUP, , , , ,unrated, , , , , , , , , , , , , , , , , , , , , , , , , ,2019-01-04 01:02:32, , 
ABRACON, , ,Use Abracon Corporation, ,disapproved, , , , , , , , , , , , , , , , , , , , , , , , , ,2015-02-11 08:06:19,2017-01-30 15:04:24, 
Active-semi, , , , ,unrated, , , , , , , , , , , , , , , , , , , , , , , , , ,2015-06-08 01:48:19, , 
ADVANCED POWER ELECTRONICS CORP, , , , ,unrated, , , , , , , , , , , , , , , , , , , , , , , , , ,2020-09-01 00:09:29, , 
AIC, , , , ,disapproved, , , , , , , , , , , , , , , , , , , , , , , , , ,2015-02-11 08:17:59,2017-01-30 15:11:04, 
AIMTEC, ,http://www.aimtec.com, , ,approved, , , , , , , , ,main,1-514-620-2725, , , , , , , , , , , , , , , ,2017-05-24 23:05:41, , 
Airgain, , , , ,approved, , , , , , , , ,main,760-579-0200, , , , , , , , , , , , , , , ,2018-08-03 14:55:19, ,USA
All West Container Company,6604, , , ,approved, , , , , , , , , , , , , , , , , , , , , , , , , ,2018-06-13 10:30:29, ,USA
Alliance Memory, ,https://www.alliancememory.com/, , ,unrated, , , , , , , , , , , , , , , , , , , , , , , , , ,2019-01-25 23:37:22, , 
Allied Electronics,13256,https://www.alliedelec.com/, , ,approved, , , , , , , , , , , , , , , , , , , , , , , , , ,2019-03-25 12:57:51, , 
ALPHA ANALOG TECHNOLOGY, , , , ,unrated, , , , , , , , , , , , , , , , , , , , , , , , , ,2019-05-16 19:50:54, ,China
Amatis Controls LLC,31342, , , ,approved, , , , , , , , , , , , , , , , , , , , , , , , , ,2016-12-14 15:06:47,2017-03-21 09:22:03,USA
AMAZON.COM, , ,No not use, ,disapproved, , , , , , , , , , , , , , , , , , , , , , , , , ,2015-02-11 08:08:05,2019-05-23 14:35:47, 
AMPEROR DIRECT,31621, , , ,approved,main,11320 NEESHAW DR, ,Houston,77065, ,TEXAS,United States, , , , , , , , , , , , , , , , , ,2017-04-25 08:23:18, ,USA
ams, , , , ,unrated, , , , , , , , , , , , , , , , , , , , , , , , , ,2019-04-11 21:00:26, , 
Anagraphica,27010,http://www.anagraphica.com/, , ,approved, , , , , , , , ,Toll Free,800 -747-5796, , , , , , , , , , , , , , , ,2017-12-06 08:53:49,2018-10-04 11:16:03,USA
ANDREWS FABRICATION INC,35444, , , ,approved, , , , , , , , , , , , , , , , , , , , , , , , , ,2020-01-03 09:09:40,2020-01-15 12:56:41,USA
Anixter,7166,https://www.anixter.com, , ,approved, , , , , , , , , , , , , , , , , , , , , , , , , ,2018-10-17 10:18:01,2018-10-31 14:18:52, 
ARC Wireless Solutions, , , , ,approved, , , , , , , , , , , , , , , , , , , , , , , , , ,2015-08-12 13:44:41, ,USA
Automatic Manufacturing Ltd.,AML, , , ,approved, , , , , , , , , , , , , , , , , , , , , , , , , ,2015-02-11 07:28:29,2019-06-03 16:32:52,China
AVALAN WIRELESS, , , , ,approved, , , , , , , , , , , , , , , , , , , , , , , , , ,2015-02-11 08:18:02,2015-08-13 09:19:19, 
Avnet, , , , ,unrated, , , , , , , , , , , , , , , , , , , , , , , , , ,2017-12-18 10:11:56, , 
Bel Fuse Inc., , , , ,unrated, , , , , , , , , , , , , , , , , , , , , , , , , ,2019-05-30 10:58:49, , 
BELL ELECTRICAL SUPPLY,6742, , , ,approved, , , , , , , , , , , , , , , , , , , , , , , , , ,2015-02-11 08:06:12,2018-10-31 14:01:26, 
BESTAR, , , , ,unrated, , , , , , , , , , , , , , , , , , , , , , , , , ,2015-06-01 00:31:37, , 
Bisco, , , , ,unrated, , , , , , , , , , , , , , , , , , , , , , , , , ,2018-10-09 09:37:38, , 
Boss Safety Products,34471, , , ,approved, , , , , , , , , , , , , , , , , , , , , , , , , ,2018-09-21 15:57:05,2018-12-18 10:39:45, 
Bourns Inc., , , , ,unrated, , , , , , , , , , , , , , , , , , , , , , , , , ,2015-02-11 08:18:15,2016-11-30 15:58:20, 
Cables 2 Go, , ,Use: LASTAR ELECTRONICS (DONGGUAN) CO LTD, ,disapproved, , , , , , , , ,main,800-506-9607, , , , , , , , , , , , , , , ,2017-01-19 08:47:03,2019-12-04 08:31:47,China
Cables 2 Go, , ,Use: LASTAR ELECTRONICS (DONGGUAN) CO LTD, ,disapproved, , , , , , , , , , , , , , , , , , , , , , , , , ,2018-09-09 19:26:42,2019-12-04 08:32:21,China
CABLEWHOLESALE.COM,27069,https://www.cablewholesale.com, , ,approved, , , , , , , , , , , , , , , , , , , , , , , , , ,2015-02-11 08:18:11,2017-04-26 08:53:58, 
Carling Technologies, ,www.carlingtech.com, , ,unrated, , , , , , , , , , , , , , , , , , , , , , , , , ,2017-08-14 08:49:57,2017-08-14 08:54:07, 
CCTC, ,http://www.cctc.cc, , ,unrated, , , , , , , , ,fax,7686855928, , , , , , , , , , , , , , , ,2018-07-02 19:14:19, ,China
CED,8305,https://cedslc.portalced.com, , ,approved, , , , , , , , , , , , , , , , , , , , , , , , , ,2019-11-07 10:18:55, ,USA
changsheng, ,www.ahcsdz.com, , ,unrated, , , , , , , , ,fax,86(552)3061668, , , , , , , , , , , , , , , ,2019-02-22 16:46:21, ,China
CHHE, , , , ,unrated, , , , , , , , , , , , , , , , , , , , , , , , , ,2020-09-09 22:46:22, , 
CHROMELED, ,www.chromeled.com, , ,unrated, , , , , , , , ,fax,626-964-9072, , , , , , , , , , , , , , , ,2017-03-09 17:24:45, , 
CHUROD ELECTRONICS, ,http://www.churod.com/ENindex.asp, , ,unrated, , , , , , , , , , , , , , , , , , , , , , , , , ,2019-06-19 20:31:33,2019-06-19 20:32:06,China
Citel, , , , ,approved, , , , , , , , , , , , , , , , , , , , , , , , , ,2015-08-12 13:46:43, , 
CIXI KAIFENG, , , , ,unrated, , , , , , , , , , , , , , , , , , , , , , , , , ,2019-01-08 23:56:26, ,China
ClearBags, ,clearbags.com, , ,approved, , , , , , , , ,main,800-233-2630, , , , , , , , , , , , , , , ,2018-08-07 14:54:14, ,USA
Comchip Technology,COMCHIP USA,comchiptech.com, , ,approved, , , , , , , , ,fax,510-657-8921, , , , , , , , , , , , , , , ,2017-01-16 15:28:23, ,Taiwan
Compatible Cable Inc.,27059, , , ,approved, , , , , , , , , , , , , , , , , , , , , , , , , ,2019-08-12 14:06:37, , 
CompX National, , , , ,approved, , , , , , , , , , , , , , , , , , , , , , , , , ,2019-08-15 14:15:33, , 
Consolidated Electrical Distributors (CED), , , , ,unrated, , , , , , , , , , , , , , , , , , , , , , , , , ,2017-08-30 14:10:28, , 
CONTEMPORARY CONTROLS,25314, , , ,approved, , , , , , , , , , , , , , , , , , , , , , , , , ,2015-02-11 08:23:43,2018-06-13 12:51:06, 
COPARTNER WIRE & CABLE (SHENZHEN) MFG COK.LTD, , , , ,unrated, , , , , , , , , , , , , , , , , , , , , , , , , ,2020-06-05 00:18:49, ,China
Cradlepoint, , , , ,approved, , , , , , , , ,main,+1 855-813-3385, , , , , , , , , , , , , , , ,2017-02-08 08:48:53, ,USA
CRE-SOUND, , , , ,unrated, , , , , , , , ,fax,+86-519-86702455, , , , , , , , , , , , , , , ,2016-08-07 23:57:25, , 
CS Business Systems,15460,http://www.csbusiness.com/, , ,unrated, , , , , , , , , , , , , , , , , , , , , , , , , ,2018-05-10 15:27:35,2018-05-10 15:29:43, 
DAI-ICHI SEIKO, , , , ,unrated, , , , , , , , , , , , , , , , , , , , , , , , , ,2019-10-30 01:42:44,2019-10-30 02:41:00, 
Dell, , , , ,approved, , , , , , , , , , , , , , , , , , , , , , , , , ,2017-01-05 10:06:36, , 
Devcon, , , , ,unrated, , , , , , , , , , , , , , , , , , , , , , , , , ,2020-06-10 03:26:22, , 
DIGI INTERNATIONAL, , , , ,unrated, , , , , , , , , , , , , , , , , , , , , , , , , ,2015-02-11 08:06:08,2018-06-07 13:23:50, 
DIGI-KEY,8334, , , ,approved, , , , , , , , , , , , , , , , , , , , , , , , , ,2015-02-11 08:05:53,2020-01-24 07:13:02, 
Diode Inc., , , , ,unrated, , , , , , , , , , , , , , , , , , , , , , , , , ,2019-04-10 21:38:25, , 
DIODES, , ,Use Diodes Inc. supplier, ,disapproved, , , , , , , , , , , , , , , , , , , , , , , , , ,2015-02-11 08:07:55,2017-08-14 13:54:05, 
DIODES IN, , ,Use Diodes Inc., ,disapproved, , , , , , , , , , , , , , , , , , , , , , , , , ,2015-02-11 08:18:03,2017-08-14 13:53:28, 
DIODES INC, , ,Use Diodes Inc. supplier, ,disapproved, , , , , , , , , , , , , , , , , , , , , , , , , ,2015-02-11 08:05:56,2017-08-14 13:52:56, 
DIOTEC, , , , ,unrated, , , , , , , , , , , , , , , , , , , , , , , , , ,2015-05-06 17:11:05, , 
Dummy Supplier,Testing Supplier Creation, ,Testing, ,unrated, , , , , , , , , , , , , , , , , , , , , , , , , ,2021-09-02 13:32:35,2022-04-29 16:42:17, 
Dummy Supplier N1, , , , ,unrated, , , , , , , , , , , , , , , , , , , , , , , , , ,2022-12-21 09:11:34, , 
Dummy Supplier N2, , , , ,unrated, , , , , , , , , , , , , , , , , , , , , , , , , ,2022-12-21 09:26:55, , 
Dummy Supplier N3, , , , ,unrated, , , , , , , , , , , , , , , , , , , , , , , , , ,2022-12-21 14:52:21, , 
Dummy Supplier N4, , , , ,unrated, , , , , , , , , , , , , , , , , , , , , , , , , ,2022-12-22 11:19:36, , 
Dummy Supplier N6, , , , ,unrated, , , , , , , , , , , , , , , , , , , , , , , , , ,2022-12-29 10:38:11, , 
EATON ELECTRONICS DIVISON, , , , ,unrated, , , , , , , , , , , , , , , , , , , , , , , , , ,2019-06-17 20:02:49, ,USA
ECS Inc., ,https://www.ecsxtal.com/, , ,unrated, , , , , , , , ,fax,913-782-6991, , , , , , , , , , , , , , , ,2017-02-07 14:08:47, ,USA
Elec & Eltek, , , , ,approved, , , , , , , , , , , , , , , , , , , , , , , , , ,2015-07-10 15:38:46, ,China
Electric Imp, , , , ,unrated, , , , , , , , ,main,+1 650 383 7143, , , , , , , , , , , , , , , ,2019-05-07 15:09:51, , 
Electric Technology Company, , , , ,approved, , , , , , , , , , , , , , , , , , , , , , , , , ,2015-11-03 14:28:29,2015-11-03 14:36:33,China
ENGYA TECHNOLOGY, , , , ,unrated, , , , , , , , ,fax,0282191860, , , , , , , , , , , , , , , ,2019-07-03 22:59:38, ,Taiwan
Enterprise Hinge, ,http://www.enterprisehinge.com/, , ,approved, , , , , , , , ,main,269-857-2111, , , , , , , , , , , , , , , ,2016-01-28 11:52:34, ,USA
ERP Power, , , , ,unrated, , , , , , , , , , , , , , , , , , , , , , , , , ,2020-01-24 10:06:17, , 
Ethertronics, , , , ,unrated, , , , , , , , , , , , , , , , , , , , , , , , , ,2016-02-19 00:03:35, ,China
FABROY, , , , ,unrated, , , , , , , , , , , , , , , , , , , , , , , , , ,2020-01-24 11:50:21, , 
FAIR CHILD, , , , ,disapproved, , , , , , , , , , , , , , , , , , , , , , , , , ,2015-02-11 08:25:32,2018-04-25 07:19:32, 
FAIRCHILD, , ,Supply chain issues, ,disapproved, , , , , , , , , , , , , , , , , , , , , , , , , ,2015-02-11 08:05:52,2018-04-25 07:18:49, 
FAIRCHILD/NATIONAL, , , , ,disapproved, , , , , , , , , , , , , , , , , , , , , , , , , ,2015-02-11 08:17:57,2018-04-25 07:19:52, 
FAIRDHILD, , , , ,disapproved, , , , , , , , , , , , , , , , , , , , , , , , , ,2015-02-11 08:18:13,2018-04-25 07:20:08, 
Fake Supplier, , , , ,unrated, , , , , , , , , , , , , , , , , , , , , , , , , ,2021-09-24 10:28:03, , 
Fake Supplier 2, , , , ,unrated, , , , , , , , , , , , , , , , , , , , , , , , , ,2021-12-01 00:28:15, , 
Fake Suppplier 2, , , , ,unrated, , , , , , , , , , , , , , , , , , , , , , , , , ,2021-11-30 23:50:31, , 
Fastener Engineering,27108, , , ,approved, , , , , , , , , , , , , , , , , , , , , , , , , ,2018-04-05 09:50:02, , 
FASTRON, ,http://www.fastrongroup.com, , ,unrated, , , , , , , , ,main,001 614 487 0498, , , , , , , , , , , , , , , ,2018-03-06 00:54:39, , 
Fengtai Meihua Cable Co LTD, , , , ,approved, , , , , , , , , , , , , , , , , , , , , , , , , ,2018-03-08 14:00:30, ,China
Flexy Foam & Packaging,35411, , , ,approved, , , , , , , , , , , , , , , , , , , , , , , , , ,2019-12-02 16:39:02, ,USA
FUJITSU/CYPRESS, , , , ,unrated, , , , , , , , , , , , , , , , , , , , , , , , , ,2015-02-11 08:18:08,2018-03-28 19:41:18, 
GigaDevice Semiconductor, , , , ,unrated, , , , , , , , , , , , , , , , , , , , , , , , , ,2019-07-12 11:03:52, , 
Golden Power Corporation, , , , ,approved, , , , , , , , , , , , , , , , , , , , , , , , , ,2016-09-16 13:50:40, ,China
GOODSKY, ,www.goodsky.com.tw,info@goodsky.com.tw, ,unrated, , , , , , , , ,fax,+886-4-2359-4667, , , , , , , , , , , , , , , ,2018-02-01 20:02:10, , 
GRAINER, , ,Use Grainger, ,disapproved, , , , , , , , , , , , , , , , , , , , , , , , , ,2015-02-11 08:27:04,2020-01-24 12:39:25, 
Guang fu Chang Hong, , , , ,approved, , , , , , , , , , , , , , , , , , , , , , , , , ,2016-02-05 10:11:31, ,China
HANGZHOU KANGSEN ELECTRONIC TECHNOLOGY, ,WWW.HZKSDZ.COM, , ,unrated, , , , , , , , ,fax,86-571-86290982, , , , , , , , , , , , , , , ,2020-02-23 18:14:31, , 
HONG-PING, , , , ,unrated, , , , , , , , , , , , , , , , , , , , , , , , , ,2016-01-25 14:04:05, ,China
HUAYI, ,WWW.HYMEXA.COM, , ,unrated, , , , , , , , , , , , , , , , , , , , , , , , , ,2019-10-20 19:52:57, ,China
Hudson Printing,Hudson Printing,hudsonsd.com,Custom printing including labels, ,unrated, , , , , , , , ,fax,760-602-9284, , , , , , , , , , , , , , , ,2015-11-12 14:42:22, ,USA
Industrial Networking Solutions,30878, , , ,approved, , , , , , , , ,main,800-889-1461, , , , , , , , , , , , , , , ,2017-02-08 08:32:55,2017-04-26 09:08:35, 
INOLUX, ,http://www.inolux-corp.com/, , ,unrated, , , , , , , , , , , , , , , , , , , , , , , , , ,2020-03-31 23:20:25,2020-03-31 23:21:38, 
Inpaq, ,http://www.inpaqgp.com, , ,unrated, , , , , , , , ,fax,1-603-509-2900, , , , , , , , , , , , , , , ,2019-05-08 15:12:06, , 
Insight Lighting, ,http://www.insightlighting.com, , ,approved, , , , , , , , ,fax,(505) 345-3838, , , , , , , , , , , , , , , ,2018-09-28 14:11:33,2018-09-28 14:15:08,USA
ISND, , , , ,unrated, , , , , , , , , , , , , , , , , , , , , , , , , ,2020-09-08 02:13:18, , 
ISOCOM COMPONENTS, ,http://isocom.com/, , ,unrated, , , , , , , , , , , , , , , , , , , , , , , , , ,2019-05-16 20:54:57,2019-05-16 20:56:36, 
J&P Wire Products Inc.,J&P Wire,http://www.jpwire.com/,Producer of wire products., ,approved, , , , , , , , ,fax,503-659-5803, , , , , , , , , , , , , , , ,2015-10-13 09:53:28, ,USA
J-B WELD, , , , ,unrated, , , , , , , , , , , , , , , , , , , , , , , , , ,2020-01-24 06:58:49, , 
JAE Electronics, , , , ,unrated, , , , , , , , ,main,(949) 753-2600, , , , , , , , , , , , , , , ,2019-05-24 14:45:32, , 
Jameco Reliapro, , , , ,unrated, , , , , , , , , , , , , , , , , , , , , , , , , ,2018-04-04 15:46:36, ,China
JIANGSU CHANGHE, , , , ,unrated, , , , , , , , ,fax,86(0519)-82636588, , , , , , , , , , , , , , , ,2020-07-01 00:54:58, ,China
JKPPTC, , , , ,unrated, , , , , , , , , , , , , , , , , , , , , , , , , ,2020-09-13 23:46:48, , 
JKUN, , , , ,unrated, , , , , , , , , , , , , , , , , , , , , , , , , ,2020-05-26 23:43:29, , 
JOHANSON TECHNOLOGY, ,www.johansontechnology.com, , ,unrated, , , , , , , , ,fax,805.389.1821, , , , , , , , , , , , , , , ,2016-01-25 17:46:12, , 
Johanson Technology Inc.,Johanson Tech,http://www.johansontechnology.com, , ,approved, , , , , , , , ,fax,(805) 389-1821, , , , , , , , , , , , , , , ,2017-01-17 08:35:12, ,USA
Kang Yang Enterprise, ,http://www.kangyang.com/, , ,unrated, , , , , , , , ,fax,886-2-26922498, , , , , , , , , , , , , , , ,2017-07-14 11:12:43, , 
Kemet (FC),Super Capacitor, , , ,unrated, , , , , , , , , , , , , , , , , , , , , , , , , ,2019-04-12 11:36:07, , 
Kenon, , , , ,unrated, , , , , , , , , , , , , , , , , , , , , , , , , ,2020-08-06 00:27:43, , 
Keyouda Electronic Technology, , , , ,approved, , , , , , , , ,fax,86-0769-87847129, , , , , , , , , , , , , , , ,2017-06-16 10:01:57, ,China
KMJ Communications, , , , ,unrated, , , , , , , , , , , , , , , , , , , , , , , , , ,2018-09-05 09:22:43, , 
Kyocera, , , , ,unrated, , , , , , , , , , , , , , , , , , , , , , , , , ,2016-02-18 23:23:32, ,China
L-COM Global Connectivity, , , , ,unrated, , , , , , , , , , , , , , , , , , , , , , , , , ,2015-08-12 13:48:29, ,USA
LASTAR ELECTRONICS (DONGGUAN) CO LTD,31420, ,Use for sourcing for items @ SLEC., ,approved, , , , , , , , ,fax,86-759-854-16389, , , , , , , , , , , , , , , ,2016-09-14 08:49:28,2019-12-04 09:52:20,China
LASTAR/LEGRAND,26927, ,USE FOR US SOURCING (JDE), ,approved, , , , , , , , , , , , , , , , , , , , , , , , , ,2019-12-04 09:55:42, , 
LEADTREND, ,WWW.LEADTREND.COM.TW, , ,unrated, , , , , , , , , , , , , , , , , , , , , , , , , ,2019-09-09 23:25:32,2019-09-09 23:26:05, 
LED Supply Company, , , , ,approved, , , , , , , , ,main,1-877-595-4769, , , , , , , , , , , , , , , ,2018-07-30 11:33:09, ,USA
Lee Manufacturing,Lee Mfg,leemanufacturing.com, , ,approved, , , , , , , , ,fax,203-284-1466, , , , , , , , , , , , , , , ,2015-10-12 10:45:00,2015-11-02 10:33:28,USA
Leedarson IoT Technology, ,https://www.leedarson.com/index.php/Index, , ,unrated, , , , , , , , ,fax,86-592-3988108, , , , , , , , , , , , , , , ,2020-08-05 19:48:57, ,China
Lelon, , , , ,unrated, , , , , , , , , , , , , , , , , , , , , , , , , ,2015-04-21 00:50:37, ,Taiwan
LEOCO (D.G) LTD, , , , ,approved, , , , , , , , , , , , , , , , , , , , , , , , , ,2015-02-11 08:06:02,2015-04-02 14:19:18,China
LINK-PP INT'L TECHNOLOGY, , , , ,unrated, , , , , , , , , , , , , , , , , , , , , , , , , ,2020-08-17 22:46:52, , 
Linx Technologies, , , , ,unrated, , , , , , , , , , , , , , , , , , , , , , , , , ,2019-06-28 10:06:04, , 
Low Voltage Systems, ,http://www.lvscontrols.com/, , ,approved, , , , , , , , , , , , , , , , , , , , , , , , , ,2019-10-25 11:59:56, ,USA
LTK INTERNATIONAL LIMITED, ,WWW.ltkcable.com, , ,unrated, , , , , , , , ,fax,86(852)-24806327, , , , , , , , , , , , , , , ,2020-07-02 00:55:20, , 
Lumenetix,31337,http://www.lumenetix.com, , ,approved, , , , , , , , , , , , , , , , , , , , , , , , , ,2017-03-27 09:06:41,2017-03-27 09:18:18,USA
Lumileds, , , , ,unrated, , , , , , , , , , , , , , , , , , , , , , , , , ,2020-01-24 07:09:40, , 
Macronix,MACR,http://www.macronix.com, , ,approved, , , , , , , , ,fax,+886-3-563-2888, , , , , , , , , , , , , , , ,2016-10-13 14:12:40, ,Taiwan
Mag-Mate, , , , ,unrated, , , , , , , , , , , , , , , , , , , , , , , , , ,2020-01-23 16:35:00, , 
Maxtena, , , , ,unrated, , , , , , , , ,main,1-877-629-8362, , , , , , , , , , , , , , , ,2016-04-08 14:51:02,2016-04-08 16:11:39, 
MCMASTER-CARR, , , , ,disapproved, , , , , , , , , , , , , , , , , , , , , , , , , ,2015-02-11 08:05:57,2018-02-07 08:45:04, 
MCMASTER-CARR,27210, , , ,approved, , , , , , , , , , , , , , , , , , , , , , , , , ,2015-02-11 08:06:00,2018-02-07 08:06:41, 
MCMASTERS-CARR, , , , ,disapproved, , , , , , , , , , , , , , , , , , , , , , , , , ,2015-02-11 08:26:55,2018-02-07 08:06:01, 
MCR Printing and Packaging, , , , ,approved, , , , , , , , ,main,US Office 619-488-3012, , , , , , , , , , , , , , , ,2016-09-09 09:14:43,2020-07-28 13:21:44,Mexico
Mean Well USA, ,http://www.meanwell.com, , ,approved, , , , , , , , ,main,1-510-683-8886, , , , , , , , , , , , , , , ,2017-05-24 18:01:32, , 
MEIXING, , , , ,unrated, , , , , , , , , , , , , , , , , , , , , , , , , ,2015-12-10 14:52:17, ,China
Metro Wire, , , , ,approved, , , , , , , , , , , , , , , , , , , , , , , , , ,2015-10-12 11:08:48,2020-02-25 14:18:37, 
Micro Commercial Co, , , , ,unrated, , , , , , , , , , , , , , , , , , , , , , , , , ,2019-07-08 11:35:32, , 
Micro Crystal Switzerland,RTC I2C, , , ,unrated, , , , , , , , , , , , , , , , , , , , , , , , , ,2019-04-12 12:44:00, , 
MICROCHIP (Atmel), , , , ,unrated, , , , , , , , , , , , , , , , , , , , , , , , , ,2015-02-11 08:06:05,2016-10-31 08:53:27, 
Microchip Technology, ,http://www.microchip.com, , ,unrated, , , , , , , , ,fax,408-961-6445, , , , , , , , , , , , , , , ,2017-02-09 11:24:23, ,USA
MiSUMi, , , , ,unrated, , , , , , , , ,main,800-681-7475, , , , , , , , , , , , , , , ,2017-05-26 15:18:21, , 
MONOLITHIC PWR SYSTEMS, ,www.MonolithicPower.com, , ,unrated, , , , , , , , , , , , , , , , , , , , , , , , , ,2018-04-01 19:54:07, , 
MOUSER,4873, , , ,approved, , , , , , , , , , , , , , , , , , , , , , , , , ,2015-02-11 08:21:28,2017-09-21 07:38:01, 
Moxa, , , , ,unrated, , , , , , , , , , , , , , , , , , , , , , , , , ,2018-09-05 09:19:07, , 
MP2459GJ-P, , , , ,unrated, , , , , , , , , , , , , , , , , , , , , , , , , ,2018-03-31 22:21:52, , 
MPD, , , , ,unrated, , , , , , , , , , , , , , , , , , , , , , , , , ,2020-03-29 23:56:59, , 
Mr. Lock,mrlock.com, , , ,unrated, , , , , , , , , , , , , , , , , , , , , , , , , ,2019-08-20 10:04:58, ,USA
MrLock, , , , ,unrated, , , , , , , , , , , , , , , , , , , , , , , , , ,2019-08-15 14:17:19, , 
MULTICOMP, , , , ,unrated, , , , , , , , , , , , , , , , , , , , , , , , , ,2016-01-25 18:41:57, , 
Murata,GRM003, , , ,approved, , , , , , , , , , , , , , , , , , , , , , , , , ,2019-03-12 14:44:51, ,China
Murata,GRM03, ,CAP CER 22PF 50V C0G/NP0 0201, ,approved, , , , , , , , , , , , , , , , , , , , , , , , , ,2019-03-12 19:29:50, ,China
NDK, , , , ,unrated, , , , , , , , , , , , , , , , , , , , , , , , , ,2016-02-18 23:13:16, ,China
NEOTech, ,www.neotech.com, , ,approved,main,237 Via Vera Cruz, ,"San Marcos, CA",92078, ,CALIFORNIA,United States,main,(844) 630-8324, , , , , , , , , , , , , , , ,2020-02-14 12:31:05,2020-02-14 12:37:35,USA
Newark, , , , ,approved, , , , , , , , , , , , , , , , , , , , , , , , , ,2018-11-06 15:00:00, , 
Nexperia, ,http://www.nexperia.com, , ,approved, , , , , , , , ,main,+1 919 740-6235, , , , , , , , , , , , , , , ,2017-05-24 08:30:34, , 
Nicela, , , , ,unrated, , , , , , , , , , , , , , , , , , , , , , , , , ,2020-08-03 20:32:41, , 
Nordic Semiconductor, , ,http://www.nordicsemi.com, ,approved, , , , , , , , ,main,+47 22 51 10 50, , , , , , , , , , , , , , , ,2017-02-01 09:57:06, , 
OLD AML, , , , ,unrated, , , , , , , , , , , , , , , , , , , , , , , , , ,2015-02-11 08:06:14,2023-10-03 15:07:57, 
ON SEMI, , , , ,disapproved, , , , , , , , , , , , , , , , , , , , , , , , , ,2015-02-11 08:05:53,2018-04-25 07:16:18, 
ON SEMI/AMI, , , , ,disapproved, , , , , , , , , , , , , , , , , , , , , , , , , ,2015-02-11 08:28:32,2018-04-25 07:17:16, 
ON SEMI/MOTOROLA, , , , ,disapproved, , , , , , , , , , , , , , , , , , , , , , , , , ,2015-02-11 08:06:13,2018-04-25 07:17:38, 
ON SEMICONDUCTORS, , , , ,disapproved, , , , , , , , , , , , , , , , , , , , , , , , , ,2015-02-11 08:06:06,2018-04-25 07:16:53, 
ON-SEMI, , , , ,disapproved, , , , , , , , , , , , , , , , , , , , , , , , , ,2015-02-11 08:05:53,2018-04-25 07:18:11, 
ON-Semi (17SZ Series), , , , ,unrated, , , , , , , , , , , , , , , , , , , , , , , , , ,2019-03-14 15:58:39, , 
Onity, ,www.onity.com, , ,unrated, , , , , , , , ,main,800 424 1433, , , , , , , , , , , , , , , ,2019-05-08 10:12:48, ,USA
Online Components, , , , ,approved, , , , , , , , , , , , , , , , , , , , , , , , , ,2019-08-15 14:33:44, , 
PackageOne Inc.,23189, , , ,approved, , , , , , , , , , , , , , , , , , , , , , , , , ,2019-02-28 10:41:42, , 
Paladin Tools, , , , ,unrated, , , , , , , , , , , , , , , , , , , , , , , , , ,2019-12-02 09:15:36, , 
Panasonic (ERJ-Series), , , , ,unrated, , , , , , , , , , , , , , , , , , , , , , , , , ,2019-03-13 21:17:16, , 
PANASONIC (HA SERIES), , , , ,approved, , , , , , , , , , , , , , , , , , , , , , , , , ,2020-07-07 15:17:07, , 
Pass & Seymour,5909, , , ,approved, , , , , , , , , , , , , , , , , , , , , , , , , ,2015-02-11 07:28:24,2018-02-22 08:09:08,China
PASS & SEYMOURE, , , , ,disapproved, , , , , , , , , , , , , , , , , , , , , , , , , ,2015-02-11 08:18:11,2018-02-22 07:42:29, 
Pelican, , , , ,unrated, , , , , , , , , , , , , , , , , , , , , , , , , ,2019-01-03 08:56:17, , 
Penn Engineering, , ,Asia Gavin Gong â€” gavin.gong@pemnet.com, ,unrated, , , , , , , , , , , , , , , , , , , , , , , , , ,2017-05-26 13:08:54, ,China
Pinnacle Architectural Lighting, , , , ,unrated, , , , , , , , ,main,303-322-5570, , , , , , , , , , , , , , , ,2017-03-17 08:40:11, ,USA
PLC MULTIPOINT,8304, , , ,unrated, , , , , , , , , , , , , , , , , , , , , , , , , ,2015-02-11 08:21:31,2018-11-01 09:19:10, 
Prolific Technology Inc., , , , ,unrated, , , , , , , , , , , , , , , , , , , , , , , , , ,2020-08-11 23:34:48, , 
PSL, , ,Do not use - use Pass & Seymour instead, ,disapproved, , , , , , , , , , , , , , , , , , , , , , , , , ,2015-02-11 08:05:56,2018-09-10 14:12:10,China
PUI Audio, , , , ,unrated, , , , , , , , , , , , , , , , , , , , , , , , , ,2016-11-17 18:09:16, , 
Pulse Electronics, , , , ,approved, , , , , , , , ,main,858 674 8100, , , , , , , , , , , , , , , ,2017-05-23 16:02:42, ,USA
Qualtek Electronics Corp, , , , ,unrated, , , , , , , , , , , , , , , , , , , , , , , , , ,2017-08-14 12:22:50, , 
RAF Electronic Hardware, , , , ,unrated, , , , , , , , , , , , , , , , , , , , , , , , , ,2018-10-09 09:41:23, , 
RECOM, ,www.recom-power.com, , ,unrated, , , , , , , , , , , , , , , , , , , , , , , , , ,2019-06-28 00:59:37, , 
RFE International, , , , ,unrated, , , , , , , , , , , , , , , , , , , , , , , , , ,2015-10-28 00:02:02, , 
Rocom Electric Company Ltd,10937, , , ,approved, , , , , , , , , , , , , , , , , , , , , , , , , ,2015-02-11 07:28:23,2018-02-07 07:54:57,China
ROHM SEMI, , , , ,approved, , , , , , , , , , , , , , , , , , , , , , , , , ,2015-02-11 08:25:20,2016-12-07 11:13:15, 
RONGFENG, , , , ,unrated, , , , , , , , , , , , , , , , , , , , , , , , , ,2018-02-27 19:46:32, , 
RONYO, , , , ,unrated, , , , , , , , , , , , , , , , , , , , , , , , , ,2015-02-11 08:34:34,2018-09-03 18:07:35, 
ROYAL, , ,Use ROYAL PARTS, ,disapproved, , , , , , , , , , , , , , , , , , , , , , , , , ,2015-02-11 08:07:53,2019-11-06 18:42:15, 
ROYAL PARS, , , , ,disapproved, , , , , , , , , , , , , , , , , , , , , , , , , ,2015-02-11 08:33:14,2019-11-06 18:43:15, 
ROYAL PARTS, , , , ,approved, , , , , , , , , , , , , , , , , , , , , , , , , ,2015-02-11 08:05:54,2019-11-06 18:41:48, 
RS Pro, , , , ,unrated, , , , , , , , , , , , , , , , , , , , , , , , , ,2019-03-25 13:05:13, , 
Sager Power System, ,https://www.sager.com, , ,approved, , , , , , , , ,fax,(508) 947-0869, , , , , , , , , , , , , , , ,2017-05-25 10:32:07, , 
Samsung (CIGT series),Fixed inductor, , , ,unrated, , , , , , , , , , , , , , , , , , , , , , , , , ,2019-04-12 11:50:59, , 
Samsung (CIM05),ferrite bead, , , ,unrated, , , , , , , , , , , , , , , , , , , , , , , , , ,2019-04-12 12:19:13, , 
SAMTEC, , , , ,unrated, , , , , , , , , , , , , , , , , , , , , , , , , ,2015-02-11 08:21:31,2015-06-23 11:11:15, 
San Wen, , , , ,unrated, , , , , , , , , , , , , , , , , , , , , , , , , ,2015-03-01 14:11:00, ,China
Schurter, , , , ,unrated, , , , , , , , , , , , , , , , , , , , , , , , , ,2019-01-03 08:10:39, , 
SENBA, , , , ,unrated, , , , , , , , , , , , , , , , , , , , , , , , , ,2020-05-29 01:35:20, , 
SET FUSE, , , , ,unrated, , , , , , , , , , , , , , , , , , , , , , , , , ,2020-09-08 02:01:29, , 
Shang Hai Zhou Dang, , , , ,unrated, , , , , , , , , , , , , , , , , , , , , , , , , ,2017-03-01 22:10:44, ,China
Shanghai Bao-jia, , , , ,approved, , , , , , , , , , , , , , , , , , , , , , , , , ,2017-02-21 07:58:56, ,China
Shanghai Legrand Electric Company Ltd., , , , ,approved, , , , , , , , ,main,+86 (011) 86214193610, , , , , , , , , , , , , , , ,2015-02-11 07:28:23,2017-03-22 09:54:04,China
SHANGHAIZHIJIA, , , , ,approved, , , , , , , , , , , , , , , , , , , , , , , , , ,2018-05-24 13:18:56, ,China
Shenzhen TRONY Solar Science & Technology Development, , , , ,unrated, , , , , , , , , , , , , , , , , , , , , , , , , ,2017-09-28 22:36:52, ,China
Shenzhen Yezhan Electronics, , , , ,unrated, , , , , , , , , , , , , , , , , , , , , , , , , ,2019-08-22 00:48:30, ,China
SHIN DIT ENTERPRIES, , , , ,unrated, , , , , , , , , , , , , , , , , , , , , , , , , ,2015-08-18 19:05:08, ,Taiwan
SHURTAPE, , , , ,unrated, , , , , , , , , , , , , , , , , , , , , , , , , ,2020-01-23 16:42:54, , 
SiTIME, , , , ,unrated, , , , , , , , ,fax,1 (408) 328-4439, , , , , , , , , , , , , , , ,2018-08-24 09:39:49, , 
SL PWOER ELECTRONICS, , , , ,unrated, , , , , , , , , , , , , , , , , , , , , , , , , ,2019-06-05 22:38:47, , 
SMK Mexicana S.R.L. de C.V.,31413, , , ,unrated, , , , , , , , , , , , , , , , , , , , , , , , , ,2016-09-01 09:51:03, ,Mexico
Soberton Inc,Acoustic Product,www.soberton.com, , ,unrated, , , , , , , , , , , , , , , , , , , , , , , , , ,2019-04-12 10:59:49, , 
SOLTEAM, , , , ,unrated, , , , , , , , , , , , , , , , , , , , , , , , , ,2015-04-02 20:55:40, ,Taiwan
Sonttian,SONT,http://www.sont.cc/, , ,approved, , , , , , , , ,fax,0755-83213666, , , , , , , , , , , , , , , ,2017-10-02 14:55:52, ,China
Stanley Electric Co, ,https://www.stanley-components.com/en/, , ,unrated, , , , , , , , , , , , , , , , , , , , , , , , , ,2019-05-09 09:40:41, , 
Streakwave,26770, , , ,approved, , , , , , , , , , , , , , , , , , , , , , , , , ,2019-06-24 10:33:27, , 
SUN FUSE, , , , ,unrated, , , , , , , , , , , , , , , , , , , , , , , , , ,2020-05-21 01:00:29, , 
SUNLORD, , , , ,unrated, , , , , , , , , , , , , , , , , , , , , , , , , ,2020-04-14 19:08:17, ,China
Supplier Testing,00001, ,Supplier Creation Test, ,approved,main,1234 St, ,Carlsbad, , ,CALIFORNIA,United States,main,1234567890, , , , , , , , , , , , , , , ,2023-08-14 11:03:17,2023-08-15 14:42:25,USA
SURGING, , , , ,unrated, , , , , , , , , , , , , , , , , , , , , , , , , ,2020-09-08 01:57:42, , 
SUZHOU SAIXUN, ,www.szsaixun.com, , ,unrated, , , , , , , , ,main,860512-63636028, , , , , , , , , , , , , , , ,2019-09-17 20:06:25, ,China
Suzhou Seven Electronic Technology, , , , ,unrated, , , , , , , , , , , , , , , , , , , , , , , , , ,2019-09-11 00:24:01,2020-08-06 20:15:43,China
SYLVANIA, , , , ,unrated, , , , , , , , , , , , , , , , , , , , , , , , , ,2015-02-11 08:34:27,2019-09-17 13:58:19, 
TAG-CONNECT, ,http://www.tag-connect.com, , ,unrated, , , , , , , , ,main,1 877-244-4156, , , , , , , , , , , , , , , ,2017-02-09 11:36:43, , 
TAITIEN, ,WWW.TAITIEN.COM, , ,unrated, , , , , , , , , , , , , , , , , , , , , , , , , ,2018-03-07 21:14:19, , 
TDK, , , , ,approved, , , , , , , , , , , , , , , , , , , , , , , , , ,2015-02-11 08:06:02,2017-10-23 15:32:17, 
TDK (5%) (GENERAL C SERIES), , ,Use main TDK supplier, ,disapproved, , , , , , , , , , , , , , , , , , , , , , , , , ,2015-02-11 08:30:05,2017-10-23 15:26:42, 
TDK (C SERIES), , ,Use main TDK supplier, ,disapproved, , , , , , , , , , , , , , , , , , , , , , , , , ,2015-02-11 08:31:25,2017-10-23 15:26:52, 
TDK (GENERAL C SERIES), , ,Use main TDK supplier, ,disapproved, , , , , , , , , , , , , , , , , , , , , , , , , ,2015-02-11 08:06:02,2017-10-23 15:27:02, 
TDK (GENERAL C SERIES0, , ,Use main TDK supplier, ,disapproved, , , , , , , , , , , , , , , , , , , , , , , , , ,2015-02-11 08:31:27,2017-10-23 15:27:11, 
TDK (GENERAL C SRIES), , ,Use main TDK supplier, ,disapproved, , , , , , , , , , , , , , , , , , , , , , , , , ,2015-02-11 08:31:30,2017-10-23 15:27:21, 
TDK (GENERAL SERIES), , ,Use main TDK supplier, ,disapproved, , , , , , , , , , , , , , , , , , , , , , , , , ,2015-02-11 08:29:46,2017-10-23 15:27:30, 
TDK (MID VOLTAGE C SERIES), , ,Use main TDK supplier, ,disapproved, , , , , , , , , , , , , , , , , , , , , , , , , ,2015-02-11 08:07:52,2017-10-23 15:27:40, 
TDK (MLZ Series),Fixed inductor, , , ,unrated, , , , , , , , , , , , , , , , , , , , , , , , , ,2019-04-12 12:10:56, , 
TDK 9GENERAL C SERIES), , ,Use main TDK supplier, ,disapproved, , , , , , , , , , , , , , , , , , , , , , , , , ,2015-02-11 08:31:41,2017-10-23 15:27:55, 
TDK( GENERAL C SERIES), , ,Use main TDK supplier, ,disapproved, , , , , , , , , , , , , , , , , , , , , , , , , ,2015-02-11 08:30:06,2017-10-23 15:28:04, 
TE Connectivity, ,te.com, , ,unrated, , , , , , , , , , , , , , , , , , , , , , , , , ,2017-08-15 12:36:00, , 
TEAPO ELECTRONICS, , , , ,unrated, , , , , , , , ,fax,+86-769-8791-4770, , , , , , , , , , , , , , , ,2017-08-09 19:43:55, , 
Thomas & Betts, , , , ,unrated, , , , , , , , , , , , , , , , , , , , , , , , , ,2015-02-11 08:07:43,2019-06-17 15:00:56, 
TORCH, , , , ,unrated, , , , , , , , , , , , , , , , , , , , , , , , , ,2020-08-19 00:30:24, , 
TOREX, ,https://www.torex-europe.com/, , ,unrated, , , , , , , , , , , , , , , , , , , , , , , , , ,2018-04-03 01:35:36, , 
TOSHIBA,Discrete Semiconductor Products, , , ,unrated, , , , , , , , , , , , , , , , , , , , , , , , , ,2019-04-11 21:25:58, , 
TOSHIBA, , , , ,unrated, , , , , , , , , , , , , , , , , , , , , , , , , ,2019-04-11 21:31:28, , 
TOSHIBA,Discrete Semiconductor Products, , , ,approved, , , , , , , , , , , , , , , , , , , , , , , , , ,2019-04-11 21:39:51, , 
TOSHIBA,Discrete Semiconductor Products, , , ,unrated, , , , , , , , , , , , , , , , , , , , , , , , , ,2019-04-11 21:42:22, , 
TOSHIBA (74VHC series),IC logic multivibrator, , , ,unrated, , , , , , , , , , , , , , , , , , , , , , , , , ,2019-04-16 10:11:13, , 
TOYO LED Electronics Limited, ,https://www.toyo-led.com/en/, , ,unrated, , , , , , , , ,main,+852 2540 7288, , , , , , , , , , , , , , , ,2019-07-16 20:53:37, , 
TR Formac, , , , ,approved, , , , , , , , , , , , , , , , , , , , , , , , , ,2017-02-21 15:23:49, ,China
TRIDIUM,16092, , , ,approved, , , , , , , , , , , , , , , , , , , , , , , , , ,2015-02-11 08:05:53,2019-07-25 13:59:47, 
TRISTAR, , ,Use Tristar Manufacturing, ,disapproved, , , , , , , , , , , , , , , , , , , , , , , , , ,2015-02-11 08:28:13,2020-01-24 12:38:37, 
TRISTAR MANUFACTURING,27368, , , ,approved, , , , , , , , , , , , , , , , , , , , , , , , , ,2017-09-21 07:21:49,2019-03-28 15:42:49,USA
UCHIHASHI ESTEC, ,WWW.UCHIHASHI.CO.JP/ENGLISH/, , ,unrated, , , , , , , , ,fax,0669626668, , , , , , , , , , , , , , , ,2018-03-09 18:25:55, , 
UNI-ROYAL, , , , ,unrated, , , , , , , , , , , , , , , , , , , , , , , , , ,2020-06-08 23:46:26, , 
Vantage Controls,Vantage,www.vantagecontrols.com, , ,approved, , , , , , , , ,fax,8012240355, , , , , , , , , , , , , , , ,2015-02-23 11:23:07,2015-03-04 19:21:21,USA
VENKEL, ,www.venkel.com, , ,unrated, , , , , , , , ,main,512.794.0081, , , , , , , , , , , , , , , ,2018-01-09 18:36:10, , 
Visual Communication Company, ,https://vcclite.com, , ,unrated, , , , , , , , ,main,1.800.522.5546, , , , , , , , , , , , , , , ,2017-05-23 11:53:54, , 
Walsin Technology Corporation, , , , ,unrated, , , , , , , , , , , , , , , , , , , , , , , , , ,2019-07-16 23:12:00, , 
Watt Stopper Inc,Orem, ,Don't use this account for Wattstopper production., ,disapproved, , , , , , , , ,fax,8012240355, , , , , , , , , , , , , , , ,2015-02-11 07:28:23,2017-04-05 12:42:32,USA
Will Semiconductor, , , , ,unrated, , , , , , , , , , , , , , , , , , , , , , , , , ,2020-03-25 22:27:54, , 
Wilson Electronics, , , , ,approved, , , , , , , , , , , , , , , , , , , , , , , , , ,2017-02-08 08:29:34, , 
worldwalk, , , , ,unrated, , , , , , , , , , , , , , , , , , , , , , , , , ,2020-08-10 23:49:44, , 
WTL International Limited, ,www.wtlcrystals.com, , ,unrated, , , , , , , , ,fax,86-755-8267 9302, , , , , , , , , , , , , , , ,2018-01-18 18:11:38, , 
Wurth Elektronik,Discrete Semiconductor Products,www.we-online.com, , ,unrated, , , , , , , , ,main,49079429450, , , , , , , , , , , , , , , ,2019-04-27 17:29:58, , 
XIAMEN SET, ,WWW.SETFUSE.COM, , ,unrated, , , , , , , , ,fax,865925715839, , , , , , , , , , , , , , , ,2018-03-09 18:17:17, ,China
XMULTIPLE,CONNECTORS,http://www.xmultiple.com, , ,unrated, , , , , , , , ,fax,18055797800, , , , , , , , , , , , , , , ,2019-04-27 15:33:18, ,USA
YAGEO, , , , ,approved, , , , , , , , , , , , , , , , , , , , , , , , , ,2015-02-11 08:05:54,2016-05-17 11:20:38, 
YAGEO (BZ SPECIAL), , ,Use main Yageo supplier, ,disapproved, , , , , , , , , , , , , , , , , , , , , , , , , ,2015-02-11 08:31:25,2017-10-23 15:24:48, 
YAGEO (CC SERIES), , ,Use main Yageo supplier, ,disapproved, , , , , , , , , , , , , , , , , , , , , , , , , ,2015-02-11 08:21:34,2017-10-23 15:25:14, 
YAGEO (CCSERIES), , ,Use main Yageo supplier, ,disapproved, , , , , , , , , , , , , , , , , , , , , , , , , ,2015-02-11 08:28:34,2017-10-23 15:25:38, 
YAGEO (X5R SERIES), , ,Use main Yageo supplier, ,disapproved, , , , , , , , , , , , , , , , , , , , , , , , , ,2015-02-11 08:23:58,2017-10-23 15:25:58, 
Yageo-RC Series, , , , ,unrated, , , , , , , , , , , , , , , , , , , , , , , , , ,2019-03-13 19:00:36, , 
Yangjie, , , , ,unrated, , , , , , , , , , , , , , , , , , , , , , , , , ,2020-06-30 02:18:51, , 
YMIN, , , , ,unrated, , , , , , , , , , , , , , , , , , , , , , , , , ,2020-07-31 02:00:36, , 
YUE XIAN, , , , ,unrated, , , , , , , , , , , , , , , , , , , , , , , , , ,2018-09-16 23:50:27, ,China
YUYING, , , , ,unrated, , , , , , , , , , , , , , , , , , , , , , , , , ,2019-09-17 18:30:42, ,China
Z-Tronix,11412, , , ,approved,main,6327 Alondra Blvd, ,Paramount,90723, ,CALIFORNIA,United States,main,(562) 808-0800, , , , , , , , , , , , , , , ,2019-08-19 09:24:24,2019-08-20 10:42:31,USA
ZOWIE, , , , ,unrated, , , , , , , , , , , , , , , , , , , , , , , , , ,2016-08-07 23:46:44, , 
